{
    "currencies": [
        {
            "coin_id": "BTC",
            "name": "Bitcoin",
            "symbol": "BTC",
            "token_decimal": 8,
            "contract_address": "",
            "withdrawal_eta": [
                "30 secs",
                "2 mins",
                "30 mins"
            ],
            "colorful_image_url": "https://s3-ap-southeast-1.amazonaws.com/monaco-cointrack-production/uploads/coin/colorful_logo/5c1246f55568a400e48ac233/bitcoin.png",
            "gray_image_url": "https://s3-ap-southeast-1.amazonaws.com/monaco-cointrack-production/uploads/coin/gray_logo/5c1246f55568a400e48ac233/bitcoin1.png",
            "has_deposit_address_tag": false,
            "min_balance": 0,
            "blockchain_symbol": "BTC",
            "trading_symbol": "BTC",
            "code": "BTC",
            "explorer": "https://blockchair.com/bitcoin/transaction/",
            "is_erc20": false,
            "gas_limit": 0,
            "token_decimal_value": "10000000",
            "display_decimal": 8,
            "supports_legacy_address": false,
            "deposit_address_tag_name": "",
            "deposit_address_tag_type": "",
            "num_confirmation_required": 1
        }, {
            "coin_id": "ETH",
            "name": "Ethereum",
            "symbol": "ETH",
            "token_decimal": 18,
            "contract_address": "",
            "withdrawal_eta": [
                "30 secs",
                "2 mins",
                "30 mins"
            ],
            "colorful_image_url": "https://s3-ap-southeast-1.amazonaws.com/monaco-cointrack-production/uploads/coin/colorful_logo/5c12487d5568a4017c20a993/ethereum.png",
            "gray_image_url": "https://s3-ap-southeast-1.amazonaws.com/monaco-cointrack-production/uploads/coin/gray_logo/5c12487d5568a4017c20a993/ethereum.png",
            "has_deposit_address_tag": false,
            "min_balance": 0,
            "blockchain_symbol": "ETH",
            "trading_symbol": "ETH",
            "code": "ETH",
            "explorer": "https://etherscan.io/tx/",
            "is_erc20": false,
            "gas_limit": 21000,
            "token_decimal_value": "100000000000000000",
            "display_decimal": 8,
            "supports_legacy_address": false,
            "deposit_address_tag_name": "",
            "deposit_address_tag_type": "",
            "num_confirmation_required": 1
        }, {
            "coin_id": "CRO",
            "name": "Crypto.com Coin",
            "symbol": "CRO",
            "token_decimal": 8,
            "contract_address": "0xa0b73e1ff0b80914ab6fe0444e65848c4c34450b",
            "withdrawal_eta": [
                "30 secs",
                "2 mins",
                "30 mins"
            ],
            "colorful_image_url": "https://s3-ap-southeast-1.amazonaws.com/monaco-cointrack-production/uploads/coin/colorful_logo/5c1248c15568a4017c20aa87/cro.png",
            "gray_image_url": "https://s3-ap-southeast-1.amazonaws.com/monaco-cointrack-production/uploads/coin/gray_logo/5c1248c15568a4017c20aa87/cro.png",
            "has_deposit_address_tag": false,
            "min_balance": 0,
            "blockchain_symbol": "CRO",
            "trading_symbol": "CRO",
            "code": "CRO",
            "explorer": "https://etherscan.io/tx/",
            "is_erc20": true,
            "gas_limit": 200000,
            "token_decimal_value": "10000000",
            "display_decimal": 8,
            "supports_legacy_address": false,
            "deposit_address_tag_name": "",
            "deposit_address_tag_type": "",
            "num_confirmation_required": 1
        }, {
            "coin_id": "USDT",
            "name": "Tether",
            "symbol": "USDT",
            "token_decimal": 6,
            "contract_address": "0xdac17f958d2ee523a2206206994597c13d831ec7",
            "withdrawal_eta": [
                "30 secs",
                "2 mins",
                "30 mins"
            ],
            "colorful_image_url": "https://s3-ap-southeast-1.amazonaws.com/monaco-cointrack-production/uploads/coin/colorful_logo/5c12487f5568a4017c20a999/tether.png",
            "gray_image_url": "https://s3-ap-southeast-1.amazonaws.com/monaco-cointrack-production/uploads/coin/gray_logo/5c12487f5568a4017c20a999/tether.png",
            "has_deposit_address_tag": false,
            "min_balance": 0,
            "blockchain_symbol": "USDT",
            "trading_symbol": "USDT",
            "code": "USDT",
            "explorer": "https://etherscan.io/tx/",
            "is_erc20": true,
            "gas_limit": 200000,
            "token_decimal_value": "100000",
            "display_decimal": 8,
            "supports_legacy_address": false,
            "deposit_address_tag_name": "",
            "deposit_address_tag_type": "",
            "num_confirmation_required": 1
        }, {
            "coin_id": "DAI",
            "name": "dai03",
            "symbol": "DAI",
            "token_decimal": 18,
            "contract_address": "0x6b175474e89094c44da98b954eedeac495271d0f",
            "withdrawal_eta": [
                "30 secs",
                "2 mins",
                "30 mins"
            ],
            "colorful_image_url": "https://s3-ap-southeast-1.amazonaws.com/monaco-cointrack-production/uploads/coin/colorful_logo/5e01c4cd49cde700adb27b0d/4943__1_.png",
            "gray_image_url": "https://s3-ap-southeast-1.amazonaws.com/monaco-cointrack-production/uploads/coin/gray_logo/5e01c4cd49cde700adb27b0d/DAIxxxhdpi.png",
            "has_deposit_address_tag": false,
            "min_balance": 0,
            "blockchain_symbol": "DAI",
            "trading_symbol": "DAI",
            "code": "DAI",
            "explorer": "https://etherscan.io/tx/",
            "is_erc20": true,
            "gas_limit": 200000,
            "token_decimal_value": "100000000000000000",
            "display_decimal": 8,
            "supports_legacy_address": false,
            "deposit_address_tag_name": "",
            "deposit_address_tag_type": "",
            "num_confirmation_required": 1
        }
    ],
    "total": 5,
    "ok": true
}