{
    "ok": true,
    "warning": "",
    "tiers": [
        {
            "from_currency": "USDT",
            "to_currency": "USD",
            "rates": [
                {
                    "amount": "1000",
                    "rate": "1.000727"
                }
            ],
            "time_stamp": 1602080062
        },
        {
            "from_currency": "XRP",
            "to_currency": "USD",
            "rates": [
                {
                    "amount": "1000",
                    "rate": "0.248040"
                }
            ],
            "time_stamp": 1602080062
        },
        {
            "from_currency": "KAVA",
            "to_currency": "USD",
            "rates": [
                {
                    "amount": "1000",
                    "rate": "1.798794"
                }
            ],
            "time_stamp": 1602080062
        },
        {
            "from_currency": "MCO",
            "to_currency": "USD",
            "rates": [
                {
                    "amount": "1000",
                    "rate": "4.042767"
                }
            ],
            "time_stamp": 1602080062
        },
        {
            "from_currency": "CRV",
            "to_currency": "USD",
            "rates": [
                {
                    "amount": "1000",
                    "rate": "0.469000"
                }
            ],
            "time_stamp": 1602080062
        },
        {
            "from_currency": "FET",
            "to_currency": "USD",
            "rates": [
                {
                    "amount": "1000",
                    "rate": "0.045014"
                }
            ],
            "time_stamp": 1602080062
        },
        {
            "from_currency": "STAKE",
            "to_currency": "USD",
            "rates": [
                {
                    "amount": "1000",
                    "rate": "11.117285"
                }
            ],
            "time_stamp": 1602080062
        },
        {
            "from_currency": "OGN",
            "to_currency": "USD",
            "rates": [
                {
                    "amount": "1000",
                    "rate": "0.167389"
                }
            ],
            "time_stamp": 1602080062
        },
        {
            "from_currency": "NEST",
            "to_currency": "USD",
            "rates": [
                {
                    "amount": "1000",
                    "rate": "0.053808"
                }
            ],
            "time_stamp": 1602080062
        },
        {
            "from_currency": "CRO",
            "to_currency": "USD",
            "rates": [
                {
                    "amount": "1000",
                    "rate": "0.147268"
                }
            ],
            "time_stamp": 1602080062
        },
        {
            "from_currency": "WBTC",
            "to_currency": "USD",
            "rates": [
                {
                    "amount": "1000",
                    "rate": "10617.593951"
                }
            ],
            "time_stamp": 1602080062
        },
        {
            "from_currency": "WTC",
            "to_currency": "USD",
            "rates": [
                {
                    "amount": "1000",
                    "rate": "0.314277"
                }
            ],
            "time_stamp": 1602080062
        },
        {
            "from_currency": "BZRX",
            "to_currency": "USD",
            "rates": [
                {
                    "amount": "1000",
                    "rate": "0.109681"
                }
            ],
            "time_stamp": 1602080062
        },
        {
            "from_currency": "USDC",
            "to_currency": "USD",
            "rates": [
                {
                    "amount": "1000",
                    "rate": "1.000000"
                }
            ],
            "time_stamp": 1602080062
        },
        {
            "from_currency": "AKRO",
            "to_currency": "USD",
            "rates": [
                {
                    "amount": "1000",
                    "rate": "0.008688"
                }
            ],
            "time_stamp": 1602080062
        },
        {
            "from_currency": "MFT",
            "to_currency": "USD",
            "rates": [
                {
                    "amount": "1000",
                    "rate": "0.001425"
                }
            ],
            "time_stamp": 1602080062
        },
        {
            "from_currency": "ETH",
            "to_currency": "USD",
            "rates": [
                {
                    "amount": "1000",
                    "rate": "340.210000"
                }
            ],
            "time_stamp": 1602080062
        },
        {
            "from_currency": "SWRV",
            "to_currency": "USD",
            "rates": [
                {
                    "amount": "1000",
                    "rate": "0.638286"
                }
            ],
            "time_stamp": 1602080062
        },
        {
            "from_currency": "CREAM",
            "to_currency": "USD",
            "rates": [
                {
                    "amount": "1000",
                    "rate": "32.759383"
                }
            ],
            "time_stamp": 1602080062
        },
        {
            "from_currency": "FARM",
            "to_currency": "USD",
            "rates": [
                {
                    "amount": "1000",
                    "rate": "86.571785"
                }
            ],
            "time_stamp": 1602080062
        },
        {
            "from_currency": "DAI",
            "to_currency": "USD",
            "rates": [
                {
                    "amount": "1000",
                    "rate": "1.010000"
                }
            ],
            "time_stamp": 1602080062
        },
        {
            "from_currency": "YFI",
            "to_currency": "USD",
            "rates": [
                {
                    "amount": "1000",
                    "rate": "14827.250000"
                }
            ],
            "time_stamp": 1602080062
        },
        {
            "from_currency": "VET",
            "to_currency": "USD",
            "rates": [
                {
                    "amount": "1000",
                    "rate": "0.010466"
                }
            ],
            "time_stamp": 1602080062
        },
        {
            "from_currency": "UMA",
            "to_currency": "USD",
            "rates": [
                {
                    "amount": "1000",
                    "rate": "5.963166"
                }
            ],
            "time_stamp": 1602080062
        },
        {
            "from_currency": "LTC",
            "to_currency": "USD",
            "rates": [
                {
                    "amount": "1000",
                    "rate": "45.960000"
                }
            ],
            "time_stamp": 1602080062
        },
        {
            "from_currency": "SNX",
            "to_currency": "USD",
            "rates": [
                {
                    "amount": "1000",
                    "rate": "3.744409"
                }
            ],
            "time_stamp": 1602080062
        },
        {
            "from_currency": "LEND",
            "to_currency": "USD",
            "rates": [
                {
                    "amount": "1000",
                    "rate": "0.427610"
                }
            ],
            "time_stamp": 1602080062
        },
        {
            "from_currency": "HOT",
            "to_currency": "USD",
            "rates": [
                {
                    "amount": "1000",
                    "rate": "0.005489"
                }
            ],
            "time_stamp": 1602080062
        },
        {
            "from_currency": "LINK",
            "to_currency": "USD",
            "rates": [
                {
                    "amount": "1000",
                    "rate": "8.791177"
                }
            ],
            "time_stamp": 1602080062
        },
        {
            "from_currency": "MKR",
            "to_currency": "USD",
            "rates": [
                {
                    "amount": "1000",
                    "rate": "512.101149"
                }
            ],
            "time_stamp": 1602080062
        },
        {
            "from_currency": "OMG",
            "to_currency": "USD",
            "rates": [
                {
                    "amount": "1000",
                    "rate": "3.312100"
                }
            ],
            "time_stamp": 1602080062
        },
        {
            "from_currency": "BAT",
            "to_currency": "USD",
            "rates": [
                {
                    "amount": "1000",
                    "rate": "0.211982"
                }
            ],
            "time_stamp": 1602080062
        },
        {
            "from_currency": "UNI",
            "to_currency": "USD",
            "rates": [
                {
                    "amount": "1000",
                    "rate": "2.681700"
                }
            ],
            "time_stamp": 1602080062
        },
        {
            "from_currency": "ZRX",
            "to_currency": "USD",
            "rates": [
                {
                    "amount": "1000",
                    "rate": "0.348786"
                }
            ],
            "time_stamp": 1602080062
        },
        {
            "from_currency": "LRC",
            "to_currency": "USD",
            "rates": [
                {
                    "amount": "1000",
                    "rate": "0.161633"
                }
            ],
            "time_stamp": 1602080062
        },
        {
            "from_currency": "PAX",
            "to_currency": "USD",
            "rates": [
                {
                    "amount": "1000",
                    "rate": "0.999800"
                }
            ],
            "time_stamp": 1602080062
        },
        {
            "from_currency": "ICX",
            "to_currency": "USD",
            "rates": [
                {
                    "amount": "1000",
                    "rate": "0.357300"
                }
            ],
            "time_stamp": 1602080062
        },
        {
            "from_currency": "NXM",
            "to_currency": "USD",
            "rates": [
                {
                    "amount": "1000",
                    "rate": "28.393744"
                }
            ],
            "time_stamp": 1602080062
        },
        {
            "from_currency": "REN",
            "to_currency": "USD",
            "rates": [
                {
                    "amount": "1000",
                    "rate": "0.221510"
                }
            ],
            "time_stamp": 1602080062
        },
        {
            "from_currency": "KNC",
            "to_currency": "USD",
            "rates": [
                {
                    "amount": "1000",
                    "rate": "0.900151"
                }
            ],
            "time_stamp": 1602080062
        },
        {
            "from_currency": "SUSHI",
            "to_currency": "USD",
            "rates": [
                {
                    "amount": "1000",
                    "rate": "0.603000"
                }
            ],
            "time_stamp": 1602080062
        },
        {
            "from_currency": "REP",
            "to_currency": "USD",
            "rates": [
                {
                    "amount": "1000",
                    "rate": "13.392690"
                }
            ],
            "time_stamp": 1602080062
        },
        {
            "from_currency": "ENJ",
            "to_currency": "USD",
            "rates": [
                {
                    "amount": "1000",
                    "rate": "0.144393"
                }
            ],
            "time_stamp": 1602080062
        },
        {
            "from_currency": "MANA",
            "to_currency": "USD",
            "rates": [
                {
                    "amount": "1000",
                    "rate": "0.070058"
                }
            ],
            "time_stamp": 1602080062
        },
        {
            "from_currency": "BAND",
            "to_currency": "USD",
            "rates": [
                {
                    "amount": "1000",
                    "rate": "5.310000"
                }
            ],
            "time_stamp": 1602080062
        },
        {
            "from_currency": "YFII",
            "to_currency": "USD",
            "rates": [
                {
                    "amount": "1000",
                    "rate": "1309.700000"
                }
            ],
            "time_stamp": 1602080062
        },
        {
            "from_currency": "ANT",
            "to_currency": "USD",
            "rates": [
                {
                    "amount": "1000",
                    "rate": "3.360436"
                }
            ],
            "time_stamp": 1602080062
        },
        {
            "from_currency": "BAL",
            "to_currency": "USD",
            "rates": [
                {
                    "amount": "1000",
                    "rate": "13.589796"
                }
            ],
            "time_stamp": 1602080062
        },
        {
            "from_currency": "GNT",
            "to_currency": "USD",
            "rates": [
                {
                    "amount": "1000",
                    "rate": "0.087835"
                }
            ],
            "time_stamp": 1602080062
        },
        {
            "from_currency": "NMR",
            "to_currency": "USD",
            "rates": [
                {
                    "amount": "1000",
                    "rate": "26.992547"
                }
            ],
            "time_stamp": 1602080062
        },
        {
            "from_currency": "AMPL",
            "to_currency": "USD",
            "rates": [
                {
                    "amount": "1000",
                    "rate": "0.731733"
                }
            ],
            "time_stamp": 1602080062
        },
        {
            "from_currency": "PAXG",
            "to_currency": "USD",
            "rates": [
                {
                    "amount": "1000",
                    "rate": "1890.629886"
                }
            ],
            "time_stamp": 1602080062
        },
        {
            "from_currency": "BTC",
            "to_currency": "USD",
            "rates": [
                {
                    "amount": "1000",
                    "rate": "10603.900000"
                }
            ],
            "time_stamp": 1602080062
        },
        {
            "from_currency": "XLM",
            "to_currency": "USD",
            "rates": [
                {
                    "amount": "1000",
                    "rate": "0.072200"
                }
            ],
            "time_stamp": 1602080062
        },
        {
            "from_currency": "CELR",
            "to_currency": "USD",
            "rates": [
                {
                    "amount": "1000",
                    "rate": "0.003938"
                }
            ],
            "time_stamp": 1602080062
        },
        {
            "from_currency": "BNT",
            "to_currency": "USD",
            "rates": [
                {
                    "amount": "1000",
                    "rate": "1.061685"
                }
            ],
            "time_stamp": 1602080062
        },
        {
            "from_currency": "MLN",
            "to_currency": "USD",
            "rates": [
                {
                    "amount": "1000",
                    "rate": "22.062318"
                }
            ],
            "time_stamp": 1602080062
        },
        {
            "from_currency": "ELF",
            "to_currency": "USD",
            "rates": [
                {
                    "amount": "1000",
                    "rate": "0.087741"
                }
            ],
            "time_stamp": 1602080062
        },
        {
            "from_currency": "GNO",
            "to_currency": "USD",
            "rates": [
                {
                    "amount": "1000",
                    "rate": "40.587993"
                }
            ],
            "time_stamp": 1602080062
        },
        {
            "from_currency": "MTA",
            "to_currency": "USD",
            "rates": [
                {
                    "amount": "1000",
                    "rate": "2.569178"
                }
            ],
            "time_stamp": 1602080062
        },
        {
            "from_currency": "MATIC",
            "to_currency": "USD",
            "rates": [
                {
                    "amount": "1000",
                    "rate": "0.017318"
                }
            ],
            "time_stamp": 1602080062
        },
        {
            "from_currency": "SRM",
            "to_currency": "USD",
            "rates": [
                {
                    "amount": "1000",
                    "rate": "1.217500"
                }
            ],
            "time_stamp": 1602080062
        },
        {
            "from_currency": "TUSD",
            "to_currency": "USD",
            "rates": [
                {
                    "amount": "1000",
                    "rate": "1.000209"
                }
            ],
            "time_stamp": 1602080062
        },
        {
            "from_currency": "COMP",
            "to_currency": "USD",
            "rates": [
                {
                    "amount": "1000",
                    "rate": "0.000035"
                }
            ],
            "time_stamp": 1602080062
        },
        {
            "from_currency": "CDAI",
            "to_currency": "USD",
            "rates": [
                {
                    "amount": "1000",
                    "rate": "0.021023"
                }
            ],
            "time_stamp": 1602080062
        },
        {
            "from_currency": "CSAI",
            "to_currency": "USD",
            "rates": [
                {
                    "amount": "1000",
                    "rate": "0.027577"
                }
            ],
            "time_stamp": 1602080062
        },
        {
            "from_currency": "CUSDC",
            "to_currency": "USD",
            "rates": [
                {
                    "amount": "1000",
                    "rate": "0.021202"
                }
            ],
            "time_stamp": 1602080062
        },
        {
            "from_currency": "CETH",
            "to_currency": "USD",
            "rates": [
                {
                    "amount": "1000",
                    "rate": "6.832199"
                }
            ],
            "time_stamp": 1602080062
        },
        {
            "from_currency": "sBTC",
            "to_currency": "USD",
            "rates": [
                {
                    "amount": "1000",
                    "rate": "0.002634"
                }
            ],
            "time_stamp": 1602080062
        },
        {
            "from_currency": "CUSDT",
            "to_currency": "USD",
            "rates": [
                {
                    "amount": "1000",
                    "rate": "0.020290"
                }
            ],
            "time_stamp": 1602080062
        },
        {
            "from_currency": "CBAT",
            "to_currency": "USD",
            "rates": [
                {
                    "amount": "1000",
                    "rate": "0.004339"
                }
            ],
            "time_stamp": 1602080062
        },
        {
            "from_currency": "CZRX",
            "to_currency": "USD",
            "rates": [
                {
                    "amount": "1000",
                    "rate": "0.007066"
                }
            ],
            "time_stamp": 1602080062
        },
        {
            "from_currency": "CWBTC",
            "to_currency": "USD",
            "rates": [
                {
                    "amount": "1000",
                    "rate": "214.370020"
                }
            ],
            "time_stamp": 1602080062
        },
        {
            "from_currency": "CREP",
            "to_currency": "USD",
            "rates": [
                {
                    "amount": "1000",
                    "rate": "0.268397"
                }
            ],
            "time_stamp": 1602080062
        },
        {
            "from_currency": "ERD",
            "to_currency": "USD",
            "rates": [
                {
                    "amount": "2000000.0000000000",
                    "rate": "0.0131608050"
                },
                {
                    "amount": "20000000.0000000000",
                    "rate": "0.0138095280"
                },
                {
                    "amount": "40000000.0000000000",
                    "rate": "0.0143656340"
                },
                {
                    "amount": "500000.0000000000",
                    "rate": "0.0131608050"
                },
                {
                    "amount": "5000000.0000000000",
                    "rate": "0.0132534220"
                },
                {
                    "amount": "100000.0000000000",
                    "rate": "0.0131608050"
                },
                {
                    "amount": "10000000.0000000000",
                    "rate": "0.0134388580"
                },
                {
                    "amount": "20000.0000000000",
                    "rate": "0.0131608050"
                }
            ],
            "time_stamp": 1602080062
        },
        {
            "from_currency": "AUD",
            "to_currency": "USD",
            "rates": [
                {
                    "amount": "50000.0000000000",
                    "rate": "0.7248500000"
                },
                {
                    "amount": "80000.0000000000",
                    "rate": "0.7248500000"
                },
                {
                    "amount": "1.0000000000",
                    "rate": "0.7248500000"
                },
                {
                    "amount": "100.0000000000",
                    "rate": "0.7248500000"
                },
                {
                    "amount": "10000.0000000000",
                    "rate": "0.7248500000"
                },
                {
                    "amount": "2000.0000000000",
                    "rate": "0.7248500000"
                },
                {
                    "amount": "20000.0000000000",
                    "rate": "0.7248500000"
                },
                {
                    "amount": "5000.0000000000",
                    "rate": "0.7248500000"
                }
            ],
            "time_stamp": 1602080062
        },
        {
            "from_currency": "CAD",
            "to_currency": "USD",
            "rates": [
                {
                    "amount": "1.0000000000",
                    "rate": "0.7550303900"
                },
                {
                    "amount": "100.0000000000",
                    "rate": "0.7550303900"
                },
                {
                    "amount": "10000.0000000000",
                    "rate": "0.7550303900"
                },
                {
                    "amount": "2000.0000000000",
                    "rate": "0.7550303900"
                },
                {
                    "amount": "20000.0000000000",
                    "rate": "0.7550303900"
                },
                {
                    "amount": "5000.0000000000",
                    "rate": "0.7550303900"
                },
                {
                    "amount": "50000.0000000000",
                    "rate": "0.7550303900"
                },
                {
                    "amount": "80000.0000000000",
                    "rate": "0.7550303900"
                }
            ],
            "time_stamp": 1602080062
        },
        {
            "from_currency": "GBP",
            "to_currency": "USD",
            "rates": [
                {
                    "amount": "20000.0000000000",
                    "rate": "1.2628500000"
                },
                {
                    "amount": "5000.0000000000",
                    "rate": "1.2628500000"
                },
                {
                    "amount": "50000.0000000000",
                    "rate": "1.2628500000"
                },
                {
                    "amount": "80000.0000000000",
                    "rate": "1.2628500000"
                },
                {
                    "amount": "1.0000000000",
                    "rate": "1.2628500000"
                },
                {
                    "amount": "100.0000000000",
                    "rate": "1.2628500000"
                },
                {
                    "amount": "10000.0000000000",
                    "rate": "1.2628500000"
                },
                {
                    "amount": "2000.0000000000",
                    "rate": "1.2628500000"
                }
            ],
            "time_stamp": 1602080062
        }
    ]
}